Model,Accuracy,Recall,Profit
Random Forest,0.9634920634920635,0.8585858585858586,60738.5
XGBoost,0.9666666666666667,0.8888888888888888,69594.74
SVM,0.9238095238095239,0.5353535353535354,46590.01
