Model,Accuracy,Recall,Profit
Random Forest,0.7877927608232789,0.49732620320855614,164482.78
XGBoost,0.7849538679914834,0.5347593582887701,183578.38
SVM,0.7927608232789212,0.4893048128342246,137574.13
